Part Number,	Item Name, 	Quantity, 	Location Room, 		Location Row,	Location Column, Location Shelf ,Barcode, 	Item Description,Stock Date,Unit Price,VAT Amount,Sale Price (Inc VAT),Total value (inc VAT)
part no,item,qty,,,,,,,,5.20,1.04,6.24,6.24
,"w/m valve3/4"" tee",1,,,,,,,24 November 2009,30.65,4.60,35.25,35.25
49002387,spider,1,,,,,,,24 November 2009,12.69,1.90,14.59,14.59
41008852,door gasket,1,,,,,,,trago,0.76,0.13,0.89,0.89
ppw356,ball valve kit,1,,,,,,,trago,0.47,0.08,0.55,0.55
ppw345,ball valve washer pin kit,1,,,,,,,4 January 2010,6.09,1.07,7.16,7.16
3518,bottom oven element,1,,,,,,,screwfix,2.40,0.42,2.82,5.64
hasj60,halolite dimmable transformer ,2,,,,,,,7 June 2009,10.34,1.55,11.89,11.89
cfc7323,flex cable,1,,,,,,,19 July 2009,3.26,0.49,3.75,3.75
merc00113862,drum bearing rear t/d,1,,,,,,,19 July 2009,12.14,1.82,13.96,13.96
dst3792260725,valve,1,,,,,,,4 August 2009,29.83,4.47,34.30,34.30
hvr91213918,valve,1,,,,,,,4 August 2009,6.54,0.98,7.52,15.04
1520512052,basket runner,2,,,,,,,16 October 2009,3.12,0.47,3.59,17.94
wel8150,wellco gls lamp 60w,5,,,,,,,25 October 2009,4.19,0.63,4.82,4.82
hpt1602390,interlock indesit,1,,,,,,,5 May 2009,0.55,0.08,0.63,0.63
sel4821,oil seal 30x52x10,1,,,,,,,5 May 2009,4.74,0.71,5.45,5.45
brg6204zzskf,beams ball race 62042,1,,,,,,,9 November 2009,1.42,0.21,1.63,1.63
hpt1601660,spring restraint rear,1,,,,,,,17 November 2009,1.75,0.26,2.01,2.01
hpt1601661,front restraint spring,1,,,,,,,23 November 2009,4.84,0.73,5.57,5.57
hpt1703666,drive belt 1860 9phe tum,1,,,,,,,29 November 2009,2.71,0.41,3.12,3.12
blt9198,belt drum polyvee 1894h7,1,,,,,,,15 December 2009,2.35,0.35,2.70,10.81
whl9126,basket wheel upper,4,,,,,,,15 December 2009,2.96,0.44,3.40,3.40
blt9105,drive belt el1860h7,1,,,,,,,15 December 2009,1.09,0.16,1.25,5.01
whl9268,basket wheel upper earl,4,,,,,,,12 January 2010,10.67,1.87,12.54,12.54
hpt1603910,carbon brush set fhp,1,,,,,,,19 January 2010,0.55,0.10,0.65,0.65
plm723,hose connector 17mmx21mm,1,,,,,,,19 January 2010,0.98,0.17,1.15,6.91
plm90182,adaptor drain hose end,6,,,,,,,19 January 2010,15.92,2.79,18.71,18.71
hvr41018403,drain pump complete,1,,,,,,,19 January 2010,0.44,0.08,0.52,0.52
plm604,hose connector 17mmx17mm,1,,,,,,,24 January 2010,1.86,0.33,2.19,2.19
val894,valve inlet solenoid sin,1,,,,,,,24 January 2010,3.89,0.68,4.57,4.57
val951,valve inlet solenoid dou,1,,,,,,,27 January 2010,5.87,1.03,6.90,6.90
hvr41026150,pressure switch 62L,1,,,,,,,1 March 2010,3.28,0.57,3.85,3.85
hvr66655729,hose switch pressure ldy,1,,,,,,,9 March 2010,8.13,1.42,9.55,19.11
cre1701583,thermostat cut out kit,2,,,,,,,14 March 2010,2.56,0.45,3.01,9.02
mtr 807,motor spin mount rubber,3,,,,,,,29 March 2010,11.45,2.00,13.45,13.45
dyn0292503,clutch assembly upr,1,,,,,,,29 March 2010,2.24,0.39,2.63,2.63
dyn0251401,clutch to motor drive,1,,,,,,,,217.93,34.88,252.81,310.70
,,,,,,,,,5 April 2010,3.40,0.60,4.00,4.00
ele5231,cutlery basket,1,,,,,,,25 April 2010,3.40,0.60,4.00,4.00
cbn2222,carbon brush motor,1,,,,,,,22 June 2010,2.91,0.51,3.42,3.42
blt207,multi rib belt 1280j6el,1,,,,,,,12 August 2010,74.76,13.08,87.84,87.84
crs421309208081,motor cw pulley/capacitor,1,,,,,,,9 March 2010,6.99,1.22,8.21,8.21
hpt1701575,thermostat front sir,1,,,,,,,25 June 2010,15.99,2.80,18.79,18.79
hvr91941075,round heating element,1,,,,,,,20 August 2010,7.68,1.34,9.02,9.02
num230155,carbon brush hvr200-22,1,,,,,,,20 August 2010,5.44,0.95,6.39,6.39
num220702,carbon brush cyl hvr 200,1,,,,,,,1 November 2010,2.49,0.44,2.93,2.93
quatoc40,thermostat kit green spot,1,,,,,,,23 November 2009,5.35,0.94,6.29,6.29
hvr97916670,carbon brush & holder,1,,,,,,,20 January 2011,16.46,3.29,19.75,19.75
dst506008303006,thermosat main oven,1,,,,,,,,1.77,0.35,2.12,2.12
plm604,hose end connector,1,,,,,,,20 January 2011,11.09,2.22,13.31,13.31
merc00110333,valve solenoid cold w113,1,,,,,,,4 November 2010,7.80,1.56,9.36,9.36
cre1701583,thermomstat cut out kit,1,,,,,,,9 February 2011,3.50,0.70,4.20,4.20
lacfl36w,36w energy spiral,1,,,,,,,15 February 2011,11.91,2.38,14.29,14.29
merc00262243,thermostat kit ,1,,,,,,,15 February 2011,8.94,1.79,10.73,10.73
hpt170311,thermostat heater cuto,1,,,,,,,7 March 2011,2.44,0.49,2.93,2.93
05sk05,skf6205zz shielded bearing,1,,,,,,,7 March 2011,0.58,0.12,0.70,0.70
54zn15,seal30x52x10/12,1,,,,,,,7 March 2011,0.64,0.13,0.77,0.77
05un 03,shielded bearing 20x47x14,1,,,,,,,7 March 2011,0.83,0.17,1.00,1.00
54zn15,seal for spider,1,,,,,,,31 March 2011,8.98,1.80,10.78,21.55
12sv01,round carbon brushes,2,,,,,,,31 March 2011,6.69,1.34,8.03,8.03
05hp30,hotpoint 1400 drum kit,1,,,,,,,31 March 2011,8.99,1.80,10.79,10.79
05hp06,hotpoint 7 drum kit,1,,,,,,,31 March 2011,7.99,1.60,9.59,9.59
12in10,ceset carbon brushes,1,,,,,,,1 April 2011,0.16,0.03,0.19,0.19
quagsk25,washer cork tripod,1,,,,,,,1 April 2011,0.23,0.05,0.28,0.28
quagsk23,gyrator washer hotpoint,1,,,,,,,1 April 2011,2.54,0.51,3.05,3.05
quasl66,carbon seal face,1,,,,,,,1 April 2011,6.74,1.35,8.09,8.09
quacar91,carbon brush fhp ,1,,,,,,,1 April 2011,5.09,1.02,6.11,6.11
dst1240180065,pump drain w/m,1,,,,,,,,241.78,45.15,286.93,297.70
,,,,,,,,,3 May 2011,11.15,2.23,13.38,13.38
hvr91201693,pressure switch ,1,,,,,,,17 May 2011,5.29,1.06,6.35,6.35
12-ar-06,seini carbon brush x2,1,,,,,,,18 May 2011,14.57,2.91,17.48,17.48
12-ar-06,seini carbon brush x2,1,,,,,,,6 June 2011,1.26,0.25,1.51,1.51
quacar13,carbon brushes ea1,1,,,,,,,23 June 2011,4.92,0.98,5.90,11.81
7537,3/4bsp fxf in-line strainer,2,,,,,,,23 June 2011,0.25,0.05,0.30,0.60
7140,speedfit 22m pipe support,2,,,,,,,23 June 2011,0.21,0.04,0.25,1.26
7139,speedfit 15m pipe support,5,,,,,,,9 August 2011,4.04,0.81,4.85,4.85
wel4031,wellco premium lightswitch,1,,,,,,,10 August 2011,1.85,0.37,2.22,2.22
dor3446,door interlock switch,1,,,,,,,10 August 2011,2.15,0.43,2.58,2.58
swt9097,switch on/off,1,,,,,,,12 August 2011,6.42,1.28,7.70,7.70
dst50265479001,carbon & holder,1,,,,,,,22 August 2011,7.99,1.60,9.59,9.59
dst1240348506,door interlock 3 tag,1,,,,,,,25 August 2011,2.90,0.58,3.48,3.48
dys950163,door hinge bracket,1,,,,,,,21 September 2011,7.49,1.50,8.99,8.99
hvr97922819,askoll drain pump,1,,,,,,,28 October 2011,4.23,0.85,5.08,10.15
q904299,pvc hose4x6,2,,,,,,,28 October 2011,15.81,3.16,18.97,18.97
q325648,pvc hose4x6 blue,1,,,,,,,26 September 2011,11.99,2.40,14.39,14.39
hpt1603030,hugetop bottom w/m,1,,,,,,,26 September 2011,14.99,3.00,17.99,17.99
hpt1701426,huge door ldy td,1,,,,,,,7 November 2011,7.35,1.47,8.82,8.82
hpt1703200,thermostat toc kit,1,,,,,,,7 November 2011,5.32,1.06,6.38,6.38
dst1249685007,bearing seal ldy,1,,,,,,,7 November 2011,6.12,1.22,7.34,7.34
blt10008,belt drive ldy,1,,,,,,,9 November 2011,8.75,1.75,10.50,10.50
hvr91201546,heating element,1,,,,,,,22 November 2011,0.30,0.06,0.36,0.36
blk0546nc,flourescent starter 125w,1,,,,,,,22 November 2011,4.61,0.92,5.53,5.53
hvr97916670,carbon brush,1,,,,,,,28 November 2011,19.53,3.91,23.44,23.44
cfc7323,cable 1.00mm 10a,1,,,,,,,8 December 2011,8.99,1.80,10.79,10.79
hpt1604486,heating element,1,,,,,,,8 December 2011,3.00,0.60,3.60,3.60
bek1886790500,capacitor,1,,,,,,,22 December 2011,1.05,0.21,1.26,1.26
tls9024,glass hob ceramic knife,1,,,,,,,22 December 2011,7.46,1.49,8.95,8.95
hpt0851054,fusible link thermal,1,,,,,,,11 January 2012,2.86,0.57,3.43,3.43
aw23,dispenser hose,1,,,,,,,18 January 2012,2.84,0.57,3.41,3.41
hse3667,pressure switch hose 100,1,,,,,,,13 January 2011,15.22,3.04,18.26,18.26
hvr09200626,carbon brush + holder hvr,1,,,,,,,27 February 2012,5.75,1.15,6.90,6.90
quatoc39,hotpoint toc kit blue,1,,,,,,,6 March 2012,3.75,0.75,4.50,4.50
15927,toilet cistern lever,1,,,,,,,14 March 2012,4.56,0.91,5.47,5.47
blk0110,wellco bulk junction box,1,,,,,,,4 April 2012,7.35,1.47,8.82,8.82
hpt1703200,thermostat toc kit,1,,,,,,,5 April 2012,5.01,1.00,6.01,6.01
,pipe 1.1/4,1,,,,,,,5 April 2012,4.60,0.92,5.52,11.04
,suction grip,2,,,,,,,,241.93,48.39,290.32,308.12
,,,,,,,,,,,,,
,,,,,,,,,,,,,916.52
,,,,,,,,,4 May 2012,3.10,0.62,3.72,3.72
quatoc42,thermostat kit-hotpoint,1,,,,,,,23 May 2012,0.11,0.02,0.13,1.85
no88zks315a,fuse 3.15amp 20mm,14,,,,,,,23 May 2012,0.11,0.02,0.13,0.79
no88zks5a,fuse 5amp 20mm,6,,,,,,,23 May 2012,0.11,0.02,0.13,0.92
no88zks1a,fuse 1amp 20mm,7,,,,,,,23 May 2012,7.35,1.47,8.82,8.82
hpt1703200,thermostat toc kit-whit,1,,,,,,,23 May 2012,0.11,0.02,0.13,1.06
no88zksa2a,fuse 2amp 20mm,8,,,,,,,23 May 2012,0.35,0.07,0.42,2.10
no88zksa10a,fuse 10amp 20mm,5,,,,,,,7 June 2012,6.29,1.26,7.55,7.55
dst1322641018,push button support,1,,,,,,,8 June 2012,1.51,0.30,1.81,1.81
11ca20,capacitor,1,,,,,,,15 June 2012,1.59,0.32,1.91,1.91
quafil181,filter dual pre motor,1,,,,,,,15 June 2012,3.09,0.62,3.71,3.71
quafil191,hepa post filter dysn,1,,,,,,,15 June 2012,0.99,0.20,1.19,1.19
quafil196,filter pad dyson,1,,,,,,,15 June 2012,17.62,3.52,21.14,21.14
dst1105711012,pressostat,1,,,,,,,21 June 2012,8.75,1.75,10.50,10.50
hpt9058,adaptor 2 way,1,,,,,,,21 June 2012,2.14,0.43,2.57,2.57
plm014,adaptor tap to inlet,1,,,,,,,21 June 2012,3.31,0.66,3.97,3.97
hpt1602473,door hinge assembly,1,,,,,,,11 July 2012,3.89,0.78,4.67,4.67
12-hp-11,carbon brushes 9mm,1,,,,,,,11 July 2012,0.48,0.10,0.58,2.30
41-un-06s,microwave bulb,4,,,,,,,16 July 2012,3.86,0.77,4.63,4.63
bek4410101001,bi metal thermal cutout,1,,,,,,,16 July 2012,5.14,1.03,6.17,6.17
dst50252883009,door handle,1,,,,,,,16 July 2012,2.86,0.57,3.43,3.43
thm9368,oven thermometer,1,,,,,,,16 July 2012,2.66,0.53,3.19,6.38
bsh172272,hose  clamp,2,,,,,,,16 July 2012,7.60,1.52,9.12,9.12
hpt1604034,valve double hotpoint,1,,,,,,,17 July 2012,0.84,0.17,1.01,2.02
64941,tubing,2,,,,,,,13 August 2012,10.43,2.09,12.52,12.52
502023400,freezer ambient probe,1,,,,,,,13 August 2012,9.99,2.00,11.99,11.99
502023500,hygena thermistor probe,1,,,,,,,5 September 2012,4.53,0.91,5.44,5.44
quadbt89,door gasket bosch,1,,,,,,,5 September 2012,6.49,1.30,7.79,7.79
quadbt111,door gasket ariston,1,,,,,,,11 September 2012,31.69,6.34,38.03,38.03
,element grill,1,,,,,,,5 November 2012,3.50,0.70,4.20,4.20
ele4001,fan oven element,1,,,,,,,15 November 2012,2.09,0.42,2.51,2.51
dst1240159036,gasket tub,1,,,,,,,16 November 2012,5.04,1.01,6.05,6.05
62-wp-07,door lock whirlpool,1,,,,,,,16 November 2012,9.69,1.94,11.63,11.63
51-wp-07,drain pump base,1,,,,,,,19 November 2012,7.34,1.47,8.81,8.81
89226,isolating valve,1,,,,,,,26 November 2012,0.60,0.12,0.72,2.16
wel3504,lamp 40w clear,3,,,,,,,26 November 2012,1.10,0.22,1.32,2.64
ele3921,lamp 25w clear,2,,,,,,,6 December 2012,3.65,0.73,4.38,4.38
merc00092155,clamp seal door,1,,,,,,,6 December 2012,39.64,7.93,47.57,47.57
cfc7511,cable 1.5mm 15a,1,,,,,,,10 December 2012,2.99,0.60,3.59,3.59
14-hy-236,hygena fan oven element,1,,,,,,,10 December 2012,2.79,0.56,3.35,3.35
14-wp-07,g2 series fan element,1,,,,,,,10 December 2012,0.62,0.12,0.74,2.98
hptc00058776,washer,4,,,,,,,10 December 2012,2.96,0.59,3.55,3.55
wpl481953228227,washer,1,,,,,,,19 December 2012,7.86,1.57,9.43,9.43
blk0146,bulk ceiling pend,1,,,,,,,19 December 2012,26.76,5.35,32.11,32.11
cfc7523,wellco 1.5mm 3 core,1,,,,,,,7 January 2013,5.50,1.10,6.60,6.60
fus014y,wellco 5a bs1361,1,,,,,,,7 January 2013,13.49,2.70,16.19,16.19
ccllb,low loss coaxial 7,1,,,,,,,19 February 2013,5.69,1.14,6.83,6.83
hptc00252589,carbon brushes,1,,,,,,,21 February 2013,16.99,3.40,20.39,20.39
dae3019974870,water filter clg,1,,,,,,,21 February 2013,18.25,3.65,21.90,21.90
wpl481281718629,water filter universal,1,,,,,,,,,,,404.94
,,,,,,,,,,,,,1321.46
,,,,,,,,,24 April 2013,1.83,0.37,2.20,2.20
18561,manrose square flap vent 100m,1,,,,,,,24 April 2013,2.66,0.53,3.19,3.19
59530,manrose square flap vent 160m,1,,,,,,,23 May 2013,3.63,0.73,4.36,4.36
wel0184,wellco economy pattr,1,,,,,,,23 May 2013,3.40,0.68,4.08,4.08
blk0196,wellco bulk blanking,1,,,,,,,3 June 2013,3.49,0.70,4.19,4.19
ele1000,hob ring element,1,,,,,,,3 June 2013,1.08,0.22,1.30,1.30
ele045,spider hotplate element,1,,,,,,,3 June 2013,0.81,0.16,0.97,3.89
ext0010,1 gang white trailing,4,,,,,,,3 June 2013,1.96,0.39,2.35,2.35
ele046,spider hotplate element,1,,,,,,,5 June 2013,1.39,0.28,1.67,1.67
val894,valve inlet solenoid,1,,,,,,,5 June 2013,2.03,0.41,2.44,2.44
val768,valve inlet solenoid,1,,,,,,,5 June 2013,2.36,0.47,2.83,2.83
val3636,valve inlet solenoid,1,,,,,,,5 June 2013,3.65,0.73,4.38,4.38
merc00033041,gasket band clamp door,1,,,,,,,20 June 2013,2.34,0.47,2.81,5.62
cbn2227,carbon brush motor,2,,,,,,,8 July 2013,3.82,0.76,4.58,4.58
cbl4000,mains power cable 2 core,1,,,,,,,8 July 2013,4.01,0.80,4.81,14.44
wpl480181700314,wpro terra bianca natura,3,,,,,,,15 July 2013,3.13,0.63,3.76,3.76
blt209,belt drum polyvee,1,,,,,,,15 July 2013,0.85,0.17,1.02,1.02
lyv4501bp,lyvia 400w c class,1,,,,,,,15 July 2013,4.99,1.00,5.99,5.99
plm036,plumbing in kit,1,,,,,,,15 July 2013,0.85,0.17,1.02,1.02
lyv4201bp,lyvia 160c class,1,,,,,,,6 August 2013,2.73,0.55,3.28,3.28
dst3110756024,spider hotplate element,1,,,,,,,6 August 2013,1.12,0.22,1.34,2.69
lyv3406,lyvia 3406 slimline 1g,2,,,,,,,11 August 2013,9.38,1.88,11.26,11.26
twin switched socket,wel1037,1,,,,,,,11 August 2013,26.49,5.30,31.79,31.79
hoover heating element t/d,40004318,1,,,,,,,15 August 2013,26.91,5.38,32.29,32.29
Cable 1.25mm 13a 3 core,cfc7416,1,,,,,,,15 August 2013,26.76,5.35,32.11,32.11
wellco 1.5mm 3 core white,cfc7523,1,,,,,,,2 September 2013,11.30,2.26,13.56,13.56
wellco standard switch,wel5289,1,,,,,,,2 September 2013,5.73,1.15,6.88,6.88
collo hob black 20ml,quacs28,1,,,,,,,9 September 2013,2.45,0.49,2.94,2.94
door interlock,dor292,1,,,,,,,9 September 2013,0.75,0.15,0.90,1.80
compression blanking nut,plm9029,2,,,,,,,16 September 2013,9.38,1.88,11.26,11.26
wellco standard socket,wel1037,1,,,,,,,3 October 2013,1.53,0.31,1.84,7.34
top spray arm fixing nut,hptc00144315,4,,,,,,,7 October 2013,1.09,0.22,1.31,1.31
capacitor 7uf,cap244,1,,,,,,,7 October 2013,0.88,0.18,1.06,1.06
capacitor 3uf,cap90113,1,,,,,,,7 October 2013,0.99,0.20,1.19,1.19
capacitor 4uf,cap480,1,,,,,,,4 November 2013,6.85,1.37,8.22,8.22
carbon brush kit,dst5026481007,1,,,,,,,4 November 2013,4.58,0.92,5.50,5.50
collo hob black 20ml,quacs28,1,,,,,,,26 November 2013,4.76,0.95,5.71,11.42
damper assy,hvr41017168,2,,,,,,,12 December 2013,0.60,0.12,0.72,5.04
lamp 25w ses e14 clear,wel4813,7,,,,,,,13 December 2013,0.65,0.13,0.78,6.24
oven/microwave lamp 25w,2419,8,,,,,,,13 December 2013,0.59,0.12,0.71,2.83
oven/microwave lamp 40w,2420,4,,,,,,,13 December 2013,0.20,0.04,0.24,1.92
plateswitch 6a 3 gang,7580,8,,,,,,,13 December 2013,0.46,0.09,0.55,3.86
13a white plug,80333,7,,,,,,,13 December 2013,1.00,0.20,1.20,9.60
wall socket 1 gang 13a,80421,8,,,,,,,23 December 2013,12.84,2.57,15.41,15.41
bulk trailing 13amp socket,ts01,1,,,,,,,23 December 2013,1.12,0.22,1.34,4.03
lyvia 3406 slimline,lyv3406,3,,,,,,,9 January 2014,4.75,0.95,5.70,5.70
carbon brush,cbn9175,1,,,,,,,9 January 2014,2.65,0.53,3.18,6.36
elasticated drive belt 18,hptc00095658,2,,,,,,,9 January 2014,3.49,0.70,4.19,8.38
carbon brushset laminate,hptc00197976,2,,,,,,,9 January 2014,3.43,0.69,4.12,4.12
carbon brush + holder,quacar52,1,,,,,,,9 January 2014,4.50,0.90,5.40,5.40
carbon brush + holder,quacar65,1,,,,,,,9 January 2014,4.99,1.00,5.99,11.98
carbon brush + holder 4.6,quacar69,2,,,,,,,9 January 2014,2.99,0.60,3.59,3.59
carbon brush + holder,quacar75,1,,,,,,,9 January 2014,3.50,0.70,4.20,8.40
carbon brush + holder,quacar91,2,,,,,,,20 January 2014,3.50,0.70,4.20,4.20
danfoss nozzle,0.6580eh,1,,,,,,,20 January 2014,4.00,0.80,4.80,4.80
danfoss nozzle,0.3580s,1,,,,,,,20 January 2014,3.50,0.70,4.20,4.20
danfoss nozzle,0.5060es,1,,,,,,,20 January 2014,4.00,0.80,4.80,4.80
danfoss nozzle,0.4060es,1,,,,,,,20 January 2014,2.80,0.56,3.36,3.36
round burner gasket,d-gsk,1,,,,,,,20 January 2014,14.25,2.85,17.10,17.10
hoses,brdmix,1,,,,,,,20 January 2014,3.80,0.76,4.56,9.12
square gasket,e-gsk,2,,,,,,,22 January 2014,1.09,0.22,1.31,6.54
d/w upper basket,whl9267,5,,,,,,,22 January 2014,0.59,0.12,0.71,1.42
jegs 40w ses cookerhood,jegjd2235,2,,,,,,,22 January 2014,2.69,0.54,3.23,3.23
door catch hotpoint,quadt101,1,,,,,,,3 February 2014,4.04,0.81,4.85,4.85
lyvia 24hr/7day mini tim,lyv4725,1,,,,,,,3 February 2014,6.47,1.29,7.76,15.53
carbon brush kit ,dst50265479001,2,,,,,,,11 February 2014,5.40,1.08,6.48,6.48
carbon brush & holder,cbn9191,1,,,,,,,13 February 2014,2.49,0.50,2.99,2.99
radiant boiling plate,ele9147,1,,,,,,,18 February 2014,5.37,1.07,6.44,6.44
immersion heater stat,bak18,1,,,,,,,26 February 2014,5.84,1.17,7.01,14.02
grill element,fvlp038435,2,,,,,,,26 February 2014,19.47,3.89,23.36,23.36
ultraslim replacement tu,etrn643box,1,,,,,,,26 February 2014,1.67,0.33,2.00,2.00
motor fix kit digit,hptc00202905,1,,,,,,,26 February 2014,2.25,0.45,2.70,2.70
carbon brush bosch,hptc00252589,1,,,,,,,26 February 2014,26.49,5.30,31.79,31.79
heater 1havoa469001 1050w,hvr40004318,1,,,,,,,26 February 2014,13.60,2.72,16.32,16.32
element ariston ind,quahtr71,1,,,,,,,10 March 2014,1.85,0.37,2.22,4.44
washing machine cleaner,60342n,2,,,,,,,10 March 2014,1.85,0.37,2.22,6.66
dishwasher cleaner,60344,3,,,,,,,10 March 2014,6.29,1.26,7.55,7.55
energy regulators simmer,ele4116,1,,,,,,,13 March 2014,2.14,0.43,2.57,2.57
grill microswitch,stv082578200,1,,,,,,,13 March 2014,15.99,3.20,19.19,19.19
element heating flow,ele3563,1,,,,,,,13 March 2014,6.75,1.35,8.10,8.10
door lock,dst1240349017,1,,,,,,,13 March 2014,0.81,0.16,0.97,5.83
13a 1gang white trailing,ext0010,6,,,,,,,19 March 2014,1.39,0.28,1.67,8.34
13 amp 1 gang,jegppj013a,5,,,,,,,21 March 2014,1.88,0.38,2.26,2.26
one gang to 4 gang surge,extsp40,1,,,,,,,21 March 2014,5.38,1.08,6.46,6.46
silver button,mdac00255472,1,,,,,,,26 March 2014,3.50,0.70,4.20,4.20
danfoss nozzle,06580eh,1,,,,,,,26 March 2014,3.50,0.70,4.20,4.20
danfoss nozzle,05580eh,1,,,,,,,26 March 2014,4.00,0.80,4.80,4.80
danfoss nozzle,04080eh,1,,,,,,,26 March 2014,3.50,0.70,4.20,4.20
danfoss nozzle,08580eh,1,,,,,,,26 March 2014,3.80,0.76,4.56,4.56
square gasket,egsk,1,,,,,,,27 March 2014,2.74,0.55,3.29,9.86
drum paddle indesit,hptc00065463,3,,,,,,,28 March 2014,9.40,1.88,11.28,11.28
energy regulator belling,82590800,1,,,,,,,28 March 2014,1.53,0.31,1.84,3.67
drum paddle hotpoint/indesit,80295,2,,,,,,,3 April 2014,15.30,3.06,18.36,18.36
element heater t/d,hvr40004314,1,,,,,,,3 April 2014,3.94,0.79,4.73,4.73
gasket t/stat,dst1240152031,1,,,,,,,3 April 2014,13.82,2.76,16.58,16.58
probe thermostat,dst1249280023,1,,,,,,,,,,,705.10
,,,,,,,,,,,,,
,,,,,,,,,,,,,2026.56
,,,,,,,,,,,,,
,,,,,,,,,24 April 2014,1.99,0.40,2.39,4.78
switch rocker with neon,quasw95,2,,,,,,,8 May 2014,34.43,6.89,41.32,41.32
element grill,merc00192999,1,,,,,,,8 May 2014,1.89,0.38,2.27,4.54
element grill fan oven,ele3798,2,,,,,,,8 May 2014,0.95,0.19,1.14,3.42
oven thermometer,quacs136,3,,,,,,,8 May 2014,3.16,0.63,3.79,7.58
spring tank,bsh606818,2,,,,,,,8 May 2014,5.99,1.20,7.19,14.38
suspension legs bosch,quaslg20,2,,,,,,,9 May 2014,0.99,0.20,1.19,2.38
cooker hood lamp 40w,2413,2,,,,,,,9 May 2014,1.17,0.23,1.40,5.62
inlet hose blue,4203,4,,,,,,,9 May 2014,1.17,0.23,1.40,4.21
inlet hose red,4265,3,,,,,,,9 May 2014,2.99,0.60,3.59,3.59
vac bags numatic,num604015,1,,,,,,,14 May 2014,3.57,0.71,4.28,4.28
exhaust filter,4071366837,1,,,,,,,20 May 2014,13.00,2.60,15.60,15.60
motor,skusyn,1,,,,,,,22 May 2014,1.35,0.27,1.62,1.62
ele993,hotplate hob ring element,1,,,,,,,22 May 2014,1.64,0.33,1.97,1.97
ele992,hotplate hob ring element,1,,,,,,,23 May 2014,5.97,1.19,7.16,14.33
48058,halolite low voltage 20-60a,2,,,,,,,27 May 2014,10.04,2.01,12.05,12.05
ele3563,element heating floe,1,,,,,,,28 May 2014,6.31,1.26,7.57,7.57
cro421309251871,door interlock relay boar,1,,,,,,,3 June 2014,5.84,1.17,7.01,7.01
dst1240167427,door seal gasket,1,,,,,,,11 June 2014,13.40,2.68,16.08,16.08
bsh154740,carbon brushes,1,,,,,,,18 June 2014,4.99,1.00,5.99,5.99
ele4117,energy regulator,1,,,,,,,4 July 2014,9.64,1.93,11.57,11.57
merc00196539,carbon brush & holder,1,,,,,,,4 July 2014,4.50,0.90,5.40,5.40
cbn9191,carbon brush & holder,1,,,,,,,4 July 2014,10.21,2.04,12.25,24.50
merc00273898,carbon brush single,2,,,,,,,4 July 2014,4.95,0.99,5.94,5.94
cbn9049,main motor brushes,1,,,,,,,4 July 2014,4.53,0.91,5.44,5.44
cbn9041,carbon brusht/f,1,,,,,,,4 July 2014,6.30,1.26,7.56,15.12
dst50266971003,lower front dishwash,2,,,,,,,4 July 2014,3.88,0.78,4.66,4.66
cbn5125,carbon brush motor,1,,,,,,,5 July 2014,9.27,1.85,11.12,11.12
bsh611323,sensor,1,,,,,,,5 July 2014,9.27,1.85,11.12,11.12
bsh611317,contact,1,,,,,,,15 July 2014,4.05,0.81,4.86,4.86
cbl5134,cable 3 core 0.75 black,1,,,,,,,15 July 2014,3.65,0.73,4.38,4.38
ele9045,fan oven element 2000w,1,,,,,,,15 July 2014,5.95,1.19,7.14,7.14
ele3989,fan oven element 2500w,1,,,,,,,15 July 2014,2.25,0.45,2.70,2.70
ele4001,fan oven element 2500w t,1,,,,,,,15 July 2014,2.09,0.42,2.51,2.51
ele4532,fan oven element 2450w,1,,,,,,,15 July 2014,3.45,0.69,4.14,4.14
ele9331,fan oven element 2000w,1,,,,,,,15 July 2014,3.63,0.73,4.36,4.36
cbl5133,cable 2 core 0.75 black,1,,,,,,,15 July 2014,4.13,0.83,4.96,4.96
ele3460,fan oven element 2500w c,1,,,,,,,15 July 2014,3.45,0.69,4.14,4.14
ele4369,element fan oven 3 turn,1,,,,,,,15 July 2014,3.70,0.74,4.44,13.32
0.7580eh,danfoss nozzle,3,,,,,,,15 July 2014,4.20,0.84,5.04,10.08
0.480eh,danfoss nozzle,2,,,,,,,15 July 2014,3.70,0.74,4.44,8.88
0.5060es,danfoss nozzle,2,,,,,,,15 July 2014,3.70,0.74,4.44,8.88
0.6060es,danfoss nozzle,2,,,,,,,15 July 2014,3.70,0.74,4.44,13.32
0.6580eh,danfoss nozzle,3,,,,,,,15 July 2014,2.95,0.59,3.54,3.54
brd01,braided hose,1,,,,,,,15 July 2014,2.95,0.59,3.54,3.54
brd04,braided hose,1,,,,,,,15 July 2014,2.95,0.59,3.54,3.54
brd05,braided hose,1,,,,,,,15 July 2014,3.70,0.74,4.44,4.44
0.5580eh,danfoss nozzle,1,,,,,,,15 July 2014,3.70,0.74,4.44,4.44
0.6080eh,danfoss nozzle,1,,,,,,,15 July 2014,3.70,0.74,4.44,4.44
0.5080s,danfoss nozzle,1,,,,,,,24 July 2014,5.25,1.05,6.30,6.30
ele9337,ego fan oven element 230,1,,,,,,,24 July 2014,5.95,1.19,7.14,14.28
ele3989,element fan oven 2500w,2,,,,,,,24 July 2014,1.22,0.24,1.46,1.46
cap2066,capacitor 20ufldy tfuni,1,,,,,,,24 July 2014,0.84,0.17,1.01,1.01
cap1769,capacitor 10ufldy tfuni,1,,,,,,,24 July 2014,0.85,0.17,1.02,1.02
cap90112,capacitor 3.5ufldy tfuni,1,,,,,,,24 July 2014,0.98,0.20,1.18,1.18
cap242,capacitor 16ufldy tfuni,1,,,,,,,24 July 2014,0.94,0.19,1.13,1.13
cap2065,capacitor 12.5ufldy tfuni,1,,,,,,,24 July 2014,0.98,0.20,1.18,1.18
cap985,capacitor 14ufldy tfuni,1,,,,,,,24 July 2014,4.99,1.00,5.99,5.99
ele9327,fan oven element 2 turn,1,,,,,,,24 July 2014,2.45,0.49,2.94,2.94
ele4500,element fan oven 2300w,1,,,,,,,24 July 2014,0.62,0.12,0.74,0.74
cap480,capacitor 4ufldy tfuni,1,,,,,,,24 July 2014,14.99,3.00,17.99,17.99
ele9366,element heater grill,1,,,,,,,24 July 2014,0.85,0.17,1.02,1.02
cap482,capacitor 5ufldy tfuni,1,,,,,,,24 July 2014,1.30,0.26,1.56,1.56
caP3685,capacitor 18ufldy tfuni,1,,,,,,,30 July 2014,2.40,0.48,2.88,2.88
bsh171598,sealing,1,,,,,,,30 July 2014,1.29,0.26,1.55,1.55
quafil184,filter dual washable,1,,,,,,,6 August 2014,2.17,0.43,2.60,5.21
plm970,tap straight hot red,2,,,,,,,6 August 2014,3.03,0.61,3.64,7.27
plm1038,tap angled end of line,2,,,,,,,6 August 2014,10.40,2.08,12.48,12.48
dma145e,wellco premium push on,1,,,,,,,6 August 2014,3.98,0.80,4.78,9.55
plm1968,tap tee hot red & cold,2,,,,,,,6 August 2014,2.34,0.47,2.81,2.81
ele9369,fan oven circular heater,1,,,,,,,6 August 2014,1.55,0.31,1.86,1.86
val768,valve inlet solenoid,1,,,,,,,6 August 2014,5.95,1.19,7.14,7.14
ele9342,ego fan oven element 250,1,,,,,,,6 August 2014,3.99,0.80,4.79,4.79
ele9333 ,fan oven element 3 turn,1,,,,,,,6 August 2014,2.55,0.51,3.06,3.06
val951,valve inlet solenoid dou,1,,,,,,,6 August 2014,1.35,0.27,1.62,1.62
cap1676,capacitor 25uf ldy tf un,1,,,,,,,6 August 2014,6.05,1.21,7.26,7.26
dst50269971003,basket wheel kit lower,1,,,,,,,6 August 2014,4.94,0.99,5.93,5.93
quaele101,element fan oven stoves,1,,,,,,,6 August 2014,4.94,0.99,5.93,5.93
quaele2033ego,element fan oven homark,1,,,,,,,6 August 2014,2.89,0.58,3.47,3.47
quaele2040,element fan oven candy,1,,,,,,,6 August 2014,5.33,1.07,6.40,6.40
quapasspartu,vacuum separator,1,,,,,,,18 August 2014,8.31,1.66,9.97,9.97
merc00203636,spider & bearing seal kit,1,,,,,,,19 August 2014,0.24,0.05,0.29,5.47
quamw24,ceramic fuse 20mm 6.3,19,,,,,,,19 August 2014,0.53,0.11,0.64,1.27
quamw35,ceramic fuse 10a 6.3x32mm,2,,,,,,,19 August 2014,0.24,0.05,0.29,5.18
quamw26,ceramic fuse 10a 5x20mm,18,,,,,,,21 August 2014,5.44,1.09,6.53,6.53
cbn9192,carbon brush fhp motor,1,,,,,,,21 August 2014,3.90,0.78,4.68,18.72
wele402wcs,wellco 4 gang 2m ext lea,4,,,,,,,4 September 2014,0.59,0.12,0.71,2.83
whl9284,dishwasher lower basket,4,,,,,,,9 September 2014,10.46,2.09,12.55,12.55
bel082634941,thermostat main oven,1,,,,,,,11 September 2014,4.50,0.90,5.40,5.40
be210920002,microswitch,1,,,,,,,11 September 2014,1.35,0.27,1.62,1.62
drm9306,drum paddle lifter,1,,,,,,,11 September 2014,1.40,0.28,1.68,1.68
drm9265,drum paddle lifter,1,,,,,,,17 September 2014,2.29,0.46,2.75,2.75
srtv082532601,spark electrode,1,,,,,,,17 September 2014,4.70,0.94,5.64,5.64
del084036,short electrode & cable,1,,,,,,,24 September 2014,5.20,1.04,6.24,6.24
quaint104,bitron door interlock,1,,,,,,,2 October 2014,6.45,1.29,7.74,15.48
dst3792030425,door lock,2,,,,,,,6 October 2014,0.53,0.11,0.64,1.91
n088af019l,fuse 6.3 amp 32mm,3,,,,,,,6 October 2014,0.28,0.06,0.34,0.34
plm723,hose connector 17mm,1,,,,,,,6 October 2014,0.70,0.14,0.84,0.84
plm674,adaptor y,1,,,,,,,6 October 2014,2.25,0.45,2.70,2.70
blt7699,drive belt,1,,,,,,,6 October 2014,1.05,0.21,1.26,1.26
hse685,hose drain 2.5,1,,,,,,,6 October 2014,0.32,0.06,0.38,0.77
plm604,hose connector 17mm,2,,,,,,,6 October 2014,2.39,0.48,2.87,2.87
hse697,drain hose extension 2.5,1,,,,,,,11 October 2014,4.00,0.80,4.80,14.40
del084036,electrode 800mm,3,,,,,,,13 October 2014,1.29,0.26,1.55,1.55
hse9227,drain hose 1.5,1,,,,,,,13 October 2014,6.29,1.26,7.55,7.55
cbn9381,carbon brush,1,,,,,,,13 October 2014,3.89,0.78,4.67,4.67
cbn9175,carbon brush set,1,,,,,,,13 October 2014,5.88,1.18,7.06,7.06
pmp991,drain pump with housing,1,,,,,,,13 October 2014,6.60,1.32,7.92,7.92
dst1240348506,door interlock,1,,,,,,,13 October 2014,4.10,0.82,4.92,4.92
jegppj048t,contract 45 amp ceiling,1,,,,,,,13 October 2014,5.88,1.18,7.06,7.06
quapmp250,pump bpsch,1,,,,,,,13 October 2014,2.39,0.48,2.87,2.87
quapol26,belt 1194j5,1,,,,,,,13 October 2014,2.01,0.40,2.41,2.41
quapol75,belt 1220j5,1,,,,,,,13 October 2014,3.56,0.71,4.27,4.27
quapol80,belt 1230j5,1,,,,,,,13 October 2014,2.29,0.46,2.75,2.75
quapol82,belt 1245j5,1,,,,,,,22 October 2014,0.85,0.17,1.02,1.02
cap246,capacitor 7.5  ,1,,,,,,,22 October 2014,3.99,0.80,4.79,9.58
etrg9ww136,2w g9 retrofit led,2,,,,,,,23 October 2014,3.25,0.65,3.90,3.90
80662,250lm warm light,1,,,,,,,23 October 2014,3.99,0.80,4.79,9.58
80971,200lm warm light,2,,,,,,,31 October 2014,3.40,0.68,4.08,8.16
hptc00142628,drum rear bearing teardro,2,,,,,,,31 October 2014,0.97,0.19,1.16,4.66
quadrm06,drum paddle hotpoint,4,,,,,,,11 November 2014,4.99,1.00,5.99,5.99
nzlkit7,32mm extension kit,1,,,,,,,11 November 2014,4.99,1.00,5.99,5.99
hse630,32mm hose black,1,,,,,,,11 November 2014,4.99,1.00,5.99,17.96
merc00113038,shaft kit td,3,,,,,,,9 December 2014,19.23,3.85,23.08,23.08
bekbe264100004,fan motor ,1,,,,,,,9 December 2014,1.47,0.29,1.76,15.88
hptc00144315,top spray arm fixing  nut,9,,,,,,,9 December 2014,0.90,0.18,1.08,6.48
quacs136,oven thermometer,6,,,,,,,9 December 2014,1.97,0.39,2.36,7.09
quacs139,meat thermometer oven,3,,,,,,,9 December 2014,8.14,1.63,9.77,19.54
wpl481281719419,carbon brush,2,,,,,,,9 December 2014,6.85,1.37,8.22,8.22
dst1326630009,drain pump askoll m113,1,,,,,,,9 December 2014,2.75,0.55,3.30,3.30
dor9329,door lock hotpoint,1,,,,,,,9 December 2014,6.24,1.25,7.49,7.49
fvlp095199,fan switch ckr5408,1,,,,,,,9 December 2014,4.90,0.98,5.88,5.88
bek116100007,fan blade,1,,,,,,,11 December 2014,3.00,0.60,3.60,3.60
ps3402,dryer heater element,1,,,,,,,11 December 2014,5.75,1.15,6.90,6.90
in34100,dryer heater element,1,,,,,,,11 December 2014,2.48,0.50,2.98,5.95
hm1403,fan oven heater element,2,,,,,,,15 December 2014,1.22,0.24,1.46,1.46
r1456,ignition wick,1,,,,,,,15 December 2014,8.65,1.73,10.38,10.38
r1453,wick of7,1,,,,,,,15 December 2014,7.31,1.46,8.77,17.54
a2528,wick set oil burners,2,,,,,,,15 December 2014,7.69,1.54,9.23,18.46
r3731,wick oil burner,2,,,,,,,17 December 2014,7.75,1.55,9.30,18.60
80701,gls led 12w,2,,,,,,,17 December 2014,5.00,1.00,6.00,30.00
81284,gls led 10w,5,,,,,,,18 December 2015,10.42,2.08,12.50,12.50
bek300180094,fan oven element 2000w,1,,,,,,,18 December 2015,4.99,1.00,5.99,5.99
ele9327,fan oven element 2 turn,1,,,,,,,18 December 2015,5.95,1.19,7.14,7.14
ele9342,ego fan oven element 250,1,,,,,,,18 December 2015,0.70,0.14,0.84,2.52
wel3340,lamp 15w ses,3,,,,,,,18 December 2015,0.69,0.14,0.83,3.31
wel4813,lamp 25w ses,4,,,,,,,8 January 2015,6.15,1.23,7.38,7.38
ele4115,energy regulator,1,,,,,,,8 January 2015,7.49,1.50,8.99,17.98
ele9180,energy regulator simmer,2,,,,,,,8 January 2015,3.70,0.74,4.44,8.88
06580h,danfoss nozzle,2,,,,,,,8 January 2015,1.40,0.28,1.68,6.72
dst50226819006,wheel support zanussi,4,,,,,,,8 January 2015,4.77,0.95,5.72,5.72
dst50269970005,basket wheel upper pack,1,,,,,,,8 January 2015,6.05,1.21,7.26,7.26
dst50269971003,basket wheel kit lower,1,,,,,,,8 January 2015,1.68,0.34,2.02,12.10
fvlp095199,rotary switch ego,6,,,,,,,8 January 2015,1.12,0.22,1.34,4.03
quafwh20,fill hose 2.5 red,3,,,,,,,8 January 2015,1.12,0.22,1.34,2.69
qyafwh21,fill hose 2.5 blue,2,,,,,,,22 January 2015,3.70,0.74,4.44,8.88
0.6580eh,danfoss nozzle,2,,,,,,,22 January 2015,4.00,0.80,4.80,9.60
0.4080eh,danfoss nozzle,2,,,,,,,22 January 2015,3.90,0.78,4.68,9.36
e-gsk,square gasket,2,,,,,,,22 January 2015,5.95,1.19,7.14,7.14
ele9349,ego fan oven element,1,,,,,,,22 January 2015,2.45,0.49,2.94,11.76
bek1881050200,rope door hinge,4,,,,,,,23 January 2015,2.80,0.56,3.36,10.08
d-gsk,round burner gasket,3,,,,,,,23 January 2015,2.80,0.56,3.36,6.72
f-gsk,square burner gasket,2,,,,,,,23 January 2015,3.90,0.78,4.68,14.04
e-gsk,square gasket,3,,,,,,,23 January 2015,4.00,0.80,4.80,9.60
b-gsk,hard fibre burner gasket,2,,,,,,,28 January 2015,22.87,4.57,27.44,27.44
kidd01,alarm digi,1,,,,,,,28 January 2015,40.54,8.11,48.65,48.65
rayro1,glowcoil,1,,,,,,,28 January 2015,40.54,8.11,48.65,48.65
r1402,rayburn nouvelle 368 glocoil,1,,,,,,,28 January 2015,15.41,0.00,15.41,15.41
7dcoc,kidde lifesaver alarm,1,,,,,,,5 February 2015,2.65,0.53,3.18,6.36
ele997,hotplate hob ring element,2,,,,,,,5 February 2015,1.60,0.32,1.92,3.84
ele993,hotplate hob ring element,2,,,,,,,5 February 2015,1.89,0.38,2.27,4.54
flt2178,universal grease paper,2,,,,,,,5 February 2015,8.84,1.77,10.61,21.22
cbn9034,carbon brush servis,2,,,,,,,5 February 2015,1.03,0.21,1.24,1.24
ele045,spider hotplate element,1,,,,,,,5 February 2015,1.64,0.33,1.97,7.87
ele992,hotplate hob ring element,4,,,,,,,5 February 2015,1.93,0.39,2.32,2.32
ele046,spider hotplate element,1,,,,,,,5 February 2015,2.62,0.52,3.14,9.43
ele9147,radiant boiling plate,3,,,,,,,5 February 2015,14.27,2.85,17.12,17.12
fvlae4m260155,fan oven element,1,,,,,,,5 February 2015,5.00,1.00,6.00,6.00
hptc001499168,element oven 2500,1,,,,,,,5 February 2015,4.53,0.91,5.44,5.44
quacar99,carbon brushes + holder,1,,,,,,,5 February 2015,0.75,0.15,0.90,0.90
quafwh19,fill hose cold 1.5m,1,,,,,,,5 February 2015,8.99,1.80,10.79,10.79
quahtr99,wash heater & sensor,1,,,,,,,5 February 2015,2.69,0.54,3.23,3.23
quaint54,door lock indesit dw,1,,,,,,,8 February 2015,2.40,0.48,2.88,2.88
89226,15mm isolating valve,1,,,,,,,9 February 2015,3.70,0.74,4.44,8.88
dn80h,danfoss nozzle 0.65,2,,,,,,,9 February 2015,3.70,0.74,4.44,4.44
dn80h,danfoss nozzle 0.85,1,,,,,,,9 February 2015,2.95,0.59,3.54,10.62
brd01,braided flexi oil line,3,,,,,,,9 February 2015,12.50,2.50,15.00,15.00
bfpcoil,danfoss bfp coil set,1,,,,,,,9 February 2015,3.70,0.74,4.44,13.32
dn80eh,danfoss nozzle 0.75,3,,,,,,,9 February 2015,2.80,0.56,3.36,6.72
f-gsk,soft fibre burner gasket,2,,,,,,,9 February 2015,4.00,0.80,4.80,9.60
b-gsk,hard fibre burner gasket,2,,,,,,,9 February 2015,2.80,0.56,3.36,6.72
d-gsk,doughnut burner seal,2,,,,,,,9 February 2015,3.90,0.78,4.68,4.68
e-gsk,square burner gasket,1,,,,,,,5 March 2015,1.15,0.23,1.38,2.76
nip1,1/4 x 1/4 connecting nipple,2,,,,,,,5 March 2015,1.10,0.22,1.32,2.64
nip2,3/8 x 3/8 connecting nipple,2,,,,,,,5 March 2015,0.85,0.17,1.02,2.04
nip3,nipple3/8 x 1/4,2,,,,,,,5 March 2015,0.75,0.15,0.90,2.70
nip4,1/4 x 1/4 fxc connecting nipple,3,,,,,,,5 March 2015,1.30,0.26,1.56,3.12
nip5,1/8 x1/8 connecting nipple,2,,,,,,,5 March 2015,0.15,0.03,0.18,0.54
bu3814,3/8 x1/4 bush brass,3,,,,,,,5 March 2015,0.18,0.04,0.22,0.65
bu1238,1/2 x 3/8 bush brass,3,,,,,,,5 March 2015,0.65,0.13,0.78,1.56
bu112,1 x 1/2 bush brass,2,,,,,,,5 March 2015,0.46,0.09,0.55,0.55
fit2,10mmx1/4 compression fitting,1,,,,,,,5 March 2015,0.47,0.09,0.56,0.56
fit5,10 x 1/4 elbow compression,1,,,,,,,5 March 2015,0.46,0.09,0.55,0.55
fit1,10mm x 3/8 compression,1,,,,,,,5 March 2015,0.58,0.12,0.70,0.70
fit4,10mmx3/8 elbow compression,1,,,,,,,5 March 2015,0.58,0.12,0.70,0.70
fit12,10mm compression straight,1,,,,,,,5 March 2015,0.65,0.13,0.78,0.78
fit13,10mm compression elbow,1,,,,,,,5 March 2015,0.39,0.08,0.47,0.47
fit15,10mm x 3/8 f1 straight,1,,,,,,,5 March 2015,0.39,0.08,0.47,0.47
fit0,10mm x1/4 f1 straight,1,,,,,,,5 March 2015,0.20,0.04,0.24,4.32
14w,1/4 nipple washer,18,,,,,,,5 March 2015,1.10,0.22,1.32,1.32
flas3,10mm x 3/8 st flared fitting,1,,,,,,,5 March 2015,1.10,0.22,1.32,1.32
flar4,10x 1/4 st flared fitting,1,,,,,,,5 March 2015,0.80,0.16,0.96,0.96
olive-10,10mm olives,1,,,,,,,5 March 2015,0.90,0.18,1.08,1.08
olive-15,15mm olive,1,,,,,,,5 March 2015,1.20,0.24,1.44,1.44
olive-22,22mm olive,1,,,,,,,5 March 2015,0.66,0.13,0.79,0.79
cse-22,22mm compression stop end,1,,,,,,,5 March 2015,0.39,0.08,0.47,0.47
cse-15,15mm compression stop end,1,,,,,,,5 March 2015,0.39,0.08,0.47,0.47
cse-10,10mm compression stop end,1,,,,,,,5 March 2015,25.50,5.10,30.60,30.60
sr-amid,3 port acutator,1,,,,,,,5 March 2015,3.70,0.74,4.44,4.44
0.7560'es,danfoss nozzle,1,,,,,,,5 March 2015,3.70,0.74,4.44,4.44
0.8560'es,danfoss nozzle,1,,,,,,,5 March 2015,3.70,0.74,4.44,4.44
0.6080'eh,danfoss nozzle,1,,,,,,,5 March 2015,3.70,0.74,4.44,4.44
0.5080'eh,danfoss nozzle,1,,,,,,,5 March 2015,4.00,0.80,4.80,4.80
0.4580's,danfoss nozzle,1,,,,,,,5 March 2015,3.70,0.74,4.44,4.44
0.5080'es,danfoss nozzle,1,,,,,,,5 March 2015,3.70,0.74,4.44,4.44
0.5580'h,danfoss nozzle,1,,,,,,,5 March 2015,5.00,1.00,6.00,6.00
mz40,satronic photocell short 40mm,1,,,,,,,5 March 2015,4.90,0.98,5.88,5.88
bsh00630628,door latch,1,,,,,,,5 March 2015,3.07,0.61,3.68,3.68
bekbe2867700100,button housing beko,1,,,,,,,5 March 2015,16.47,3.29,19.76,39.53
bsh154740,carbon brushes bosch,2,,,,,,,5 March 2015,8.68,1.74,10.42,10.42
bsh611312,sensor,1,,,,,,,5 March 2015,6.05,1.21,7.26,14.52
quacs146,twin energy regulator,2,,,,,,,5 March 2015,8.06,1.61,9.67,9.67
quapmp236,pump drain hotpoint,1,,,,,,,5 March 2015,4.74,0.95,5.69,5.69
quapmp239,pump aeg,1,,,,,,,6 March 2015,69.94,13.99,83.93,83.93
rb7025,severin robotic vac,1,,,,,,,12 March 2015,5.68,1.14,6.82,34.08
700003-ww,8w e27 50w warm white,5,,,,,,,12 March 2015,11.99,2.40,14.39,14.39
3600016-rgb-uk,colour changing 5w,1,,,,,,,12 March 2015,4.99,1.00,5.99,11.98
700008-ww-eu,3w e14 r39,2,,,,,,,12 March 2015,3.79,0.76,4.55,18.19
200052-ww-eu,4w gu10 led,4,,,,,,,23 March 2015,4.99,1.00,5.99,17.96
ele9327,fan oven element 2 turn,3,,,,,,,24 March 2015,2.80,0.56,3.36,6.72
wpl482000011533,bracket pulley,2,,,,,,,24 March 2015,2.55,0.51,3.06,27.54
wpl481953228227,ring triangular drum,9,,,,,,,24 March 2015,10.39,2.08,12.47,12.47
wpl481952888108,pulley wheel,1,,,,,,,24 March 2015,12.35,2.47,14.82,14.82
wpl481935818142,belt drive,1,,,,,,,25 March 2015,5.67,1.13,6.80,13.61
be14105,fan oven heater element,2,,,,,,,26 March 2015,6.20,1.24,7.44,14.88
wpl484000000955,wpro terra bianca,2,,,,,,,30 March 2015,4.45,0.89,5.34,10.68
0.4560'es,danfoss nozzle,2,,,,,,,30 March 2015,23.50,4.70,28.20,28.20
sr-2port,2 port actuator,1,,,,,,,30 March 2015,3.95,0.79,4.74,4.74
0.5580'eh,danfoss nozzle,1,,,,,,,30 March 2015,3.95,0.79,4.74,9.48
0.6080'es,danfoss nozzle,2,,,,,,,30 March 2015,3.95,0.79,4.74,4.74
0.5580'es,danfoss nozzle,1,,,,,,,30 March 2015,3.95,0.79,4.74,4.74
0.6580'es,danfoss nozzle,1,,,,,,,30 March 2015,3.95,0.79,4.74,4.74
0.5080'es,danfoss nozzle,1,,,,,,,30 March 2015,3.95,0.79,4.74,4.74
0.5060'h,danfoss nozzle,1,,,,,,,30 March 2015,3.95,0.79,4.74,4.74
0.6060'h,danfoss nozzle,1,,,,,,,30 March 2015,3.95,0.79,4.74,4.74
0.4060'h,danfoss nozzle,1,,,,,,,30 March 2015,10.00,2.00,12.00,12.00
y30,19mm rope seal 1800mm,1,,,,,,,30 March 2015,10.00,2.00,12.00,12.00
ys15,25mm rope seal 1400mm,1,,,,,,,30 March 2015,2.00,0.40,2.40,2.40
y15,twisted glass yarn 6mm,1,,,,,,,30 March 2015,5.00,1.00,6.00,6.00
y23,braided glass yarn 12mm,1,,,,,,,30 March 2015,3.50,0.70,4.20,4.20
y21,braided glass yarn 10mm,1,,,,,,,31 March 2015,2.40,0.48,2.88,8.64
bek263100004,oven switch,3,,,,,,,31 March 2015,6.70,1.34,8.04,24.12
bek210110017,oven door hinge,3,,,,,,,31 March 2015,3.95,0.79,4.74,14.22
can97916670,carbon brush + holder,3,,,,,,,,,,,1609.55
,,,,,,,,,,,,,3636.11
,,,,,,,,,,,,,
,,,,,,,,,7 April 2015,2.87,0.57,3.44,17.22
brg9305,bearing drum rear,5,,,,,,,7 April 2015,4.37,0.87,5.24,5.24
merc00095551,drive pin,1,,,,,,,7 April 2015,4.12,0.82,4.94,9.89
stv082632420,spring hinge,2,,,,,,,7 April 2015,4.99,1.00,5.99,11.98
ele9327,fan oven element 2 turn,2,,,,,,,7 April 2015,14.99,3.00,17.99,17.99
bek2840940200,pump & filter assembly,1,,,,,,,7 April 2015,3.22,0.64,3.86,15.46
stv082632327,brake rope door hinge,4,,,,,,,7 April 2015,3.95,0.79,4.74,9.48
0.8580'es,danfoss nozzle,2,,,,,,,7 April 2015,4.25,0.85,5.10,10.20
0.4580'es,danfoss nozzle,2,,,,,,,7 April 2015,3.95,0.79,4.74,9.48
0.7580'h,danfoss nozzle,2,,,,,,,7 April 2015,3.95,0.79,4.74,4.74
0.6080'h,danfoss nozzle,1,,,,,,,7 April 2015,4.45,0.89,5.34,21.36
0.4560'es,danfoss nozzle,4,,,,,,,7 April 2015,3.95,0.79,4.74,9.48
0.5560'es,danfoss nozzle,2,,,,,,,7 April 2015,3.95,0.79,4.74,4.74
0.6560'es,danfoss nozzle,1,,,,,,,7 April 2015,4.75,0.95,5.70,5.70
0.3580's,danfoss nozzle,1,,,,,,,7 April 2015,4.75,0.95,5.70,11.40
0.3560'h,danfoss nozzle,2,,,,,,,7 April 2015,3.95,0.79,4.74,9.48
0.5580'eh,danfoss nozzle,2,,,,,,,7 April 2015,3.95,0.79,4.74,9.48
0.6580'eh,danfoss nozzle,2,,,,,,,7 April 2015,3.95,0.79,4.74,9.48
0.8580'eh,danfoss nozzle,2,,,,,,,7 April 2015,4.25,0.85,5.10,10.20
0.4080'h,danfoss nozzle,2,,,,,,,8 April 2015,1.03,0.21,1.24,9.89
q32205,rinse jet,8,,,,,,,9 April 2015,3.40,0.68,4.08,4.08
blt2200,belt neopropene round t/t,1,,,,,,,21 April 2015,11.95,2.39,14.34,14.34
ele4017,element top oven dual,1,,,,,,,21 April 2015,8.14,1.63,9.77,29.30
wpl481281719419,carbon brush,3,,,,,,,21 April 2015,8.57,1.71,10.28,10.28
bsh629580,door interlock,1,,,,,,,21 April 2015,2.25,0.45,2.70,8.10
mdi673001600021,locking nut,3,,,,,,,21 April 2015,8.83,1.77,10.60,10.60
bsh611312,sensor,1,,,,,,,21 April 2015,4.69,0.94,5.63,5.63
whl9288,compatible upper basket,1,,,,,,,21 April 2015,3.55,0.71,4.26,8.52
whl9290,compatible upper basket,2,,,,,,,21 April 2015,1.69,0.34,2.03,6.08
panaxw5027sro,pulley,3,,,,,,,24 April 2015,3.00,0.60,3.60,18.00
a1236,sight,5,,,,,,,24 April 2015,1.53,0.31,1.84,9.18
a2204,aga ry sight  glass gskt,5,,,,,,,24 April 2015,16.25,3.25,19.50,19.50
cons02,cerwick-r,1,,,,,,,24 April 2015,2.70,0.54,3.24,12.96
cera wick set,d10146,4,,,,,,,24 April 2015,11.95,2.39,14.34,28.68
fireangel10yr,fire01,2,,,,,,,24 April 2015,2.95,0.59,3.54,10.62
rope fxg adhesive,reg-y25,3,,,,,,,24 April 2015,6.01,1.20,7.21,14.42
ry rope seal 2mtr no4,r5627,2,,,,,,,1 May 2015,0.95,0.19,1.14,4.56
hse685,hose drain,4,,,,,,,1 May 2015,7.36,1.47,8.83,8.83
pmp991,drain pump + housing,1,,,,,,,1 May 2015,0.81,0.16,0.97,9.72
ext0010,13a gang trailing,10,,,,,,,4 May 2015,84.99,16.15,101.14,101.14
,various bulbs,1,,,,,,,6 May 2015,1.99,0.40,2.39,2.39
blt072,belt drum polyvee,1,,,,,,,6 May 2015,4.31,0.86,5.17,5.17
lr130,servisol label remover,1,,,,,,,6 May 2015,1.64,0.33,1.97,1.97
ele992,hotplate hob ring element,1,,,,,,,13 May 2015,10.63,2.13,12.76,12.76
bek263100016,oven thermometer,1,,,,,,,26 May 2015,6.62,1.32,7.94,7.94
bsh611473,bearing ,1,,,,,,,26 May 2015,4.83,0.97,5.80,5.80
bsh611472,clips bearing,1,,,,,,,26 May 2015,2.72,0.54,3.26,6.53
bsh6114745,lower d/w basket,2,,,,,,,26 May 2015,1.13,0.23,1.36,6.78
fvln003169,screw n1752,5,,,,,,,26 May 2015,7.98,1.60,9.58,19.15
grj503169,drum paddle lifter,2,,,,,,,26 May 2015,1.13,0.23,1.36,6.78
fvln003253,m5 x 12 pan hd pozi t/t,5,,,,,,,26 May 2015,25.43,5.09,30.52,30.52
fvl9303350100,top grill element,1,,,,,,,26 May 2015,1.13,0.23,1.36,6.78
fvln003479,m5 x 12 socket button,5,,,,,,,26 May 2015,14.24,2.85,17.09,34.18
fvlae4m260155,fan oven element,2,,,,,,,26 May 2015,3.80,0.76,4.56,13.68
quaele101,element fan oven stoves,3,,,,,,,26 May 2015,4.77,0.95,5.72,28.62
quaele2110ego,element fan oven ego,5,,,,,,,26 May 2015,4.40,0.88,5.28,21.12
wpl481236248004,carbon brushes in holoder,4,,,,,,,26 May 2015,8.15,1.63,9.78,19.56
b6504,3uf capacitor,2,,,,,,,26 May 2015,28.00,5.60,33.60,33.60
cm1,capacitor-mic w/o,1,,,,,,,26 May 2015,4.50,0.90,5.40,5.40
0.4580's,danfoss nozzle,1,,,,,,,26 May 2015,3.85,0.77,4.62,4.62
0.6080's,danfoss nozzle,1,,,,,,,26 May 2015,1.90,0.38,2.28,2.28
mzlead,satronic mz photocell lead,1,,,,,,,26 May 2015,7.50,1.50,9.00,9.00
mz80,satronic mz770s photocell long 80mm,1,,,,,,,26 May 2015,5.00,1.00,6.00,6.00
mz40,satronic photocell mz770s short 40mm,1,,,,,,,26 May 2015,19.00,3.80,22.80,22.80
tf832,satronic tf832 control box,1,,,,,,,27 May 2015,3.85,0.77,4.62,9.24
0.6060's,danfoss nozzle,2,,,,,,,27 May 2015,3.85,0.77,4.62,4.62
0.6560's,danfoss nozzle,1,,,,,,,27 May 2015,3.85,0.77,4.62,4.62
0.7560's,danfoss nozzle,1,,,,,,,27 May 2015,3.85,0.77,4.62,4.62
0.8560's,danfoss nozzle,1,,,,,,,27 May 2015,3.85,0.77,4.62,4.62
0.5060's,danfoss nozzle,1,,,,,,,27 May 2015,0.80,0.16,0.96,9.60
5core,heat resistant white cable 1 mtr,10,,,,,,,1 June 2015,3.62,0.72,4.34,4.34
80647,golf led,1,,,,,,,4 June 2015,10.12,2.02,12.14,36.43
q910265,relay finder 2 pole,3,,,,,,,5 June 2015,2.60,0.52,3.12,9.36
s8099,g4 led warm white,3,,,,,,,8 June 2015,4.50,0.90,5.40,16.20
quacar73,carbon brush + holder,3,,,,,,,8 June 2015,8.05,1.61,9.66,19.32
bsh611820,non return valve,2,,,,,,,11 June 2015,5.22,1.04,6.26,12.53
95355,robus electronic transformer,2,,,,,,,11 June 2015,6.33,1.27,7.60,15.19
32319,osram led star fridge lamp 100l,2,,,,,,,11 June 2015,3.50,0.70,4.20,8.40
91002,13a 2 gang switched plug socket,2,,,,,,,11 June 2015,6.06,1.21,7.27,21.82
29220,flexi waste straight coupling 30-38,3,,,,,,,11 June 2015,6.06,1.21,7.27,21.82
81383,flexi waste straight coupling 38-45,3,,,,,,,11 June 2015,8.22,1.64,9.86,19.73
89445,dual safety thermometer,2,,,,,,,12 June 2015,6.32,1.26,7.58,15.17
32319,osram led fridge lamp,2,,,,,,,12 June 2015,4.20,0.84,5.04,10.08
91002,bg 13a 2g dp outboard rocker,2,,,,,,,12 June 2015,6.06,1.21,7.27,21.82
29220,straight coupling 30-38mm,3,,,,,,,12 June 2015,6.06,1.21,7.27,21.82
81383,straight coupling 38-45mm,3,,,,,,,12 June 2015,8.22,1.64,9.86,19.73
89445,"dual safety thermostat 18""",2,,,,,,,12 June 2015,6.26,1.25,7.51,15.02
95355,robus 20-60w transformer,2,,,,,,,17 June 2015,4.50,0.90,5.40,16.20
cbn9191,carbon brush + holder,3,,,,,,,17 June 2015,1.17,0.23,1.40,4.21
cap244,capacitor 7uf,3,,,,,,,17 June 2015,3.30,0.66,3.96,7.92
bsh171598,sealing seal dw,2,,,,,,,17 June 2015,5.50,1.10,6.60,19.80
cbn9175,carbon brush set t/f bek,3,,,,,,,17 June 2015,3.50,0.70,4.20,12.60
cbn9210,carbon brush motor hoover,3,,,,,,,17 June 2015,1.40,0.28,1.68,1.68
ele9312,element nut + bolt set,1,,,,,,,26 June 2015,4.21,0.84,5.05,40.42
700002-ww,6w e14 r50 led bulb warm white,8,,,,,,,26 June 2015,6.60,1.32,7.92,7.92
600017-ww,3w g4 led disc 40 w halogen,1,,,,,,,26 June 2015,8.99,1.80,10.79,10.79
5000062,24w led driver adaptor,1,,,,,,,26 June 2015,8.05,1.61,9.66,19.32
bsh611320,valve non return,2,,,,,,,29 June 2015,3.18,0.64,3.82,19.08
nummcnvm1ch,hepaflo filter dust bags,5,,,,,,,29 June 2015,1.11,0.22,1.33,1.33
hse5149,hose drain extendable,1,,,,,,,29 June 2015,1.35,0.27,1.62,1.62
hse5148,hose drain extendable,1,,,,,,,29 June 2015,2.41,0.48,2.89,5.78
bsh644221,door handle,2,,,,,,,29 June 2015,2.75,0.55,3.30,3.30
merc00054869,drain hose 90 deg end,1,,,,,,,29 June 2015,7.09,1.42,8.51,8.51
ele4123,energy regulator simmer,1,,,,,,,9 July 2015,8.84,1.77,10.61,21.22
50081,fan oven element beko,2,,,,,,,9 July 2015,9.95,1.99,11.94,23.88
5019,grill element brandt,2,,,,,,,9 July 2015,4.70,0.94,5.64,5.64
8949,door gasket bosch,1,,,,,,,9 July 2015,2.97,0.59,3.56,21.38
s8100,led 2w warm white bulbs,6,,,,,,,10 July 2015,7.26,1.45,8.71,17.42
quaele2084,element fan oven 26515w,2,,,,,,,23 July 2015,2.80,0.56,3.36,16.80
wpl482000011533,bracket pulley,5,,,,,,,23 July 2015,2.69,0.54,3.23,9.68
wpl481953228227,ring triangular drum,3,,,,,,,23 July 2015,3.14,0.63,3.77,18.84
etrc411ses,eterna led candle lamp,5,,,,,,,23 July 2015,12.35,2.47,14.82,14.82
wpl481935818142,belt drive,1,,,,,,,23 July 2015,4.81,0.96,5.77,17.32
wele402wcs,wellco 4 gang 2m ext lea,3,,,,,,,23 July 2015,3.95,0.79,4.74,9.48
unvcnd05e143k,5w led candle lamp,2,,,,,,,23 July 2015,1.00,0.20,1.20,1.20
oven/grill element 2350w,ele9318,1,,,,,,,25 July 2015,4.55,0.91,5.46,5.46
,40mm sink wa,1,,,,,,,25 July 2015,1.37,0.27,1.64,1.64
,40mm uni com,1,,,,,,,3 August 2015,9.80,1.96,11.76,35.28
can41020376,fan oven heater element,3,,,,,,,5 August 2015,2.80,0.56,3.36,10.08
wpl482000011533,bracket pulley,3,,,,,,,5 August 2015,2.63,0.53,3.16,3.16
blt207,multi rib belt,1,,,,,,,5 August 2015,0.13,0.03,0.16,4.68
n088zkt63a,fuse 6.3 amp 20mm,30,,,,,,,6 August 2015,1.03,0.21,1.24,1.24
q307334,rocker switch impulse black,1,,,,,,,6 August 2015,10.05,2.01,12.06,12.06
q307523,rocker switch impulse yellow,1,,,,,,,6 August 2015,1.11,0.22,1.33,4.00
q902314,cutlery inset square,3,,,,,,,19 August 2015,2.50,0.50,3.00,3.00
q307371,rocker push button ignition,1,,,,,,,19 August 2015,1.81,0.36,2.17,10.86
q307374,rocker push button ,5,,,,,,,19 August 2015,2.21,0.44,2.65,7.96
q307338,rocker switch impulse white,3,,,,,,,19 August 2015,30.24,6.05,36.29,36.29
grj441935,connect hose,1,,,,,,,24 August 2015,7.19,1.44,8.63,8.63
frg1785,motor fan unit,1,,,,,,,24 August 2015,6.41,1.28,7.69,7.69
mtg481201230179,holder detergent,1,,,,,,,24 August 2015,7.15,1.43,8.58,8.58
ele4115,energy regulator simmer,1,,,,,,,24 August 2015,3.73,0.75,4.48,13.43
whl9290,compatible upper basket,3,,,,,,,24 August 2015,5.66,1.13,6.79,6.79
blk0134,wellco bulk batten lamp,1,,,,,,,24 August 2015,4.92,0.98,5.90,17.71
whl9288,compatible lower dishwash,3,,,,,,,24 August 2015,7.49,1.50,8.99,8.99
ele9180,energy regulator simmer,1,,,,,,,24 August 2015,2.42,0.48,2.90,5.81
lyv3469,lyvia 3469 slimline 13a,2,,,,,,,1 September 2015,7.49,1.50,8.99,8.99
ele9180,energy regulator simmer,1,,,,,,,1 September 2015,8.78,1.76,10.54,10.54
ele4116,energy regulator simmer,1,,,,,,,1 September 2015,6.86,1.37,8.23,16.46
ele4109,energy regulator simmer,2,,,,,,,1 September 2015,5.99,1.20,7.19,14.38
ele4117,energy regulator simmer,2,,,,,,,3 September 2015,64.15,12.83,76.98,76.98
8716113594,pump head,1,,,,,,,3 September 2015,29.95,5.99,35.94,35.94
c26p0227,ranco stat,1,,,,,,,3 September 2015,4.50,0.90,5.40,5.40
0.3580's,danfoss nozzle,1,,,,,,,8 September 2015,14.00,2.80,16.80,16.80
1010c,10mm copper pipe coil,1,,,,,,,8 September 2015,1.10,0.22,1.32,3.96
flar3,10mm x 38 st flared,3,,,,,,,8 September 2015,1.10,0.22,1.32,3.96
flar4,10 x 1/4st flared,3,,,,,,,8 September 2015,1.55,0.31,1.86,1.86
flar5,10mm straight,1,,,,,,,8 September 2015,1.15,0.23,1.38,4.14
flar6 ,10mm x 3/8 elbow,3,,,,,,,8 September 2015,1.10,0.22,1.32,3.96
flar2,10mm x 1/4 elbow,3,,,,,,,8 September 2015,1.45,0.29,1.74,1.74
flar1,10mm flared elbow,1,,,,,,,8 September 2015,11.00,2.20,13.20,79.20
co/1sa-uk,twin pack co & smoke,6,,,,,,,15 September 2015,3.50,0.70,4.20,16.80
200052-ww-eu,4w gu10 led bulbs,4,,,,,,,15 September 2015,5.99,1.20,7.19,14.38
700003-ww,8w e27 r63 reflector,2,,,,,,,15 September 2015,2.26,0.45,2.71,5.42
dor3446,door interlock switch,2,,,,,,,15 September 2015,5.70,1.14,6.84,6.84
wel0160,wellco standard lightswitch,1,,,,,,,15 September 2015,10.21,2.04,12.25,12.25
ele4545,element fan oven 2500w,1,,,,,,,15 September 2015,10.42,2.08,12.50,12.50
bek300180094,fan oven element 2000w,1,,,,,,,15 September 2015,8.44,1.69,10.13,20.26
ele4503,element fan oven fmt24,2,,,,,,,29 September 2015,0.88,0.18,1.06,1.06
blt218,belt drive t/f vax,1,,,,,,,29 September 2015,0.90,0.18,1.08,1.08
blt219,drive belt vax turbo,1,,,,,,,29 September 2015,9.99,2.00,11.99,11.99
bek262510005,fan oven element 1600w,1,,,,,,,29 September 2015,2.98,0.60,3.58,10.73
dor9329,door lock hotpoint,3,,,,,,,29 September 2015,14.10,2.82,16.92,16.92
bek462300009,fan oven element 1600w,1,,,,,,,12 October 2015,2.27,0.45,2.72,2.72
nzl3376,32mm floor tool,1,,,,,,,12 October 2015,14.10,2.82,16.92,16.92
bek462300009,fan oven element 1600w,1,,,,,,,19 October 2015,21.50,4.30,25.80,51.60
8716142423,oil isolation valve,2,,,,,,,19 October 2015,22.00,4.40,26.40,26.40
wick-r,cooker wick ,1,,,,,,,19 October 2015,8.50,1.70,10.20,10.20
s541510,limit thermostat,1,,,,,,,19 October 2015,13.00,2.60,15.60,15.60
r2501-u,thermostat control boiler,1,,,,,,,19 October 2015,13.00,2.60,15.60,15.60
r2500-u,oven stat,1,,,,,,,20 October 2015,2.99,0.60,3.59,10.76
mdac00142628,drum rear teardrop bearing,3,,,,,,,20 October 2015,8.00,1.60,9.60,9.60
rnga94693,fan oven heater element,1,,,,,,,20 October 2015,4.90,0.98,5.88,11.76
mdac00095655,drum shaft kit,2,,,,,,,20 October 2015,1.95,0.39,2.34,2.34
bek1881050200,door hinge spring,1,,,,,,,27 October 2015,2.48,0.50,2.98,8.93
bek1881030100,rope door hinge,3,,,,,,,2 November 2015,9.59,1.92,11.51,11.51
a2432,fuel inlet elb,1,,,,,,,23 November 2015,6.99,1.40,8.39,8.39
dst1326630009,drain pump askoll 25w,1,,,,,,,23 November 2015,3.74,0.75,4.49,8.98
blt2200,belt neopropene round t/t,2,,,,,,,23 November 2015,7.98,1.60,9.58,19.15
ele4116,energy regulator simmer,2,,,,,,,23 November 2015,1.40,0.28,1.68,1.68
3798,boiling plate 180mm,1,,,,,,,23 November 2015,1.29,0.26,1.55,1.55
5288,boiling plate 145mm,1,,,,,,,23 November 2015,0.49,0.10,0.59,1.18
80021,pump askoll electrolux,2,,,,,,,2 December 2015,8.85,1.77,10.62,21.24
stv082590800,energy regulator mpv01,2,,,,,,,2 December 2015,38.50,7.70,46.20,46.20
v4043h1056,22mm 2 port zone valve,1,,,,,,,2 December 2015,32.00,6.40,38.40,38.40
hpa2,danfoss hpa2 b2 port actuator,1,,,,,,,2 December 2015,3.85,0.77,4.62,9.24
1.1080'eh,danfoss nozzle,2,,,,,,,2 December 2015,37.90,7.58,45.48,45.48
bfp11l3b,danfoss bfp11l3 service pump,1,,,,,,,2 December 2015,5.00,1.00,6.00,6.00
mz40,satronic photocell mz770s short 40mm,1,,,,,,,2 December 2015,7.50,1.50,9.00,9.00
mz80,satronic photocell mz770s long 80mm,1,,,,,,,2 December 2015,3.90,0.78,4.68,9.36
b3701,single electrode,2,,,,,,,2 December 2015,10.90,2.18,13.08,13.08
b5601,monoblock electrode,1,,,,,,,7 December 2015,10.51,2.10,12.61,12.61
bek263100019,thermostat 7729486354,1,,,,,,,7 December 2015,8.14,1.63,9.77,19.54
wpl481281719419,carbon brush,2,,,,,,,7 December 2015,5.72,1.14,6.86,20.59
cbn9041,carbon brush t/f whirlpool,3,,,,,,,7 December 2015,6.60,1.32,7.92,15.84
dst50265481007,carbon + holder,2,,,,,,,7 December 2015,0.92,0.18,1.10,22.08
4119,oven/microwave lamp,20,,,,,,,8 December 2015,5.15,1.03,6.18,18.54
bek371202407,carbon brush,3,,,,,,,8 December 2015,2.57,0.51,3.08,6.17
rngp095199,fan oven selector switch,2,,,,,,,8 December 2015,10.52,2.10,12.62,25.25
can41020376,fan oven heater element,2,,,,,,,8 December 2015,5.50,1.10,6.60,13.20
un12102,carbon brush sole type r side,2,,,,,,,13 December 2015,7.00,1.40,8.40,8.40
850845,control knob output,1,,,,,,,13 December 2015,5.00,1.00,6.00,6.00
850846,input control knob,1,,,,,,,13 December 2015,7.43,1.49,8.92,8.92
851051,thermal fuselink red,1,,,,,,,13 December 2015,7.43,1.49,8.92,8.92
851054,thermal fuselink yellow,1,,,,,,,14 December 2015,2.92,0.58,3.50,10.51
lyv3635,lyveco led gls,3,,,,,,,14 December 2015,2.15,0.43,2.58,7.74
lyv3638,lyveco led candle es,3,,,,,,,14 December 2015,5.30,1.06,6.36,31.80
merc00113038,shaft kit t/d,5,,,,,,,15 December 2015,3.17,0.63,3.80,7.61
50080,switch cooker,2,,,,,,,15 December 2015,2.50,0.50,3.00,6.00
80198,fan oven element hotpoint,2,,,,,,,15 December 2015,2.10,0.42,2.52,5.04
80700,fan oven element beko,2,,,,,,,15 December 2015,5.75,1.15,6.90,34.50
bek4410101001,bi metal cutout beko,5,,,,,,,15 December 2015,2.46,0.49,2.95,5.90
q910388,rocker switch latching yellow,2,,,,,,,15 December 2015,3.09,0.62,3.71,7.42
q910382,rocker switch latching clear,2,,,,,,,15 December 2015,2.25,0.45,2.70,5.40
q385330,rocker switch latching red 30x22m,2,,,,,,,15 December 2015,2.46,0.49,2.95,5.90
q910384,rocker switch latching red 2 pole,2,,,,,,,15 December 2015,2.68,0.54,3.22,6.43
q910391,rocker switch latching green,2,,,,,,,15 December 2015,2.37,0.47,2.84,5.69
q307337,rocker switch latching green 230v,2,,,,,,,15 December 2015,2.21,0.44,2.65,5.30
q307361,rocker switch latching red 30x22m led,2,,,,,,,15 December 2015,1.80,0.36,2.16,4.32
q910380,rocker switch latching green,2,,,,,,,15 December 2015,1.22,0.24,1.46,2.93
q910379,rocker switch latching 2 pole 230v,2,,,,,,,15 December 2015,1.63,0.33,1.96,3.91
q910377,rocker switch latching red 19x13m 230v,2,,,,,,,15 December 2015,0.85,0.17,1.02,2.04
q308437,rocker switch latching ,2,,,,,,,16 December 2015,19.80,3.96,23.76,23.76
rayr01,oven stat boiler model,1,,,,,,,18 December 2015,2.57,0.51,3.08,3.08
rngp095199,fan oven selector switch,1,,,,,,,19 December 2015,4.95,0.99,5.94,17.82
mdac00113038,drum shaft kit,3,,,,,,,19 December 2015,8.11,1.62,9.73,9.73
mdac00305794,riveted shaft repair kit,1,,,,,,,4 January 2016,3.49,0.70,4.19,12.56
hptc00197976,carbon brush set laminate,3,,,,,,,4 January 2016,7.49,1.50,8.99,26.96
hptc00305794,tumble dryer drum shaft,3,,,,,,,4 January 2016,7.95,1.59,9.54,9.54
quaele2010ego,element fan oven 2000w ar,1,,,,,,,4 January 2016,11.79,2.36,14.15,14.15
quaele2124,dual grill element,1,,,,,,,14 January 2016,10.30,2.06,12.36,24.72
5502,fan oven element belling,2,,,,,,,14 January 2016,3.01,0.60,3.61,7.22
6518,oven element belling,2,,,,,,,15 January 2016,16.92,3.38,20.30,40.61
ss5301,dimplex cut out,2,,,,,,,15 January 2016,22.65,4.53,27.18,27.18
xl9708,dimplex charge limiter,1,,,,,,,15 January 2016,21.43,4.29,25.72,25.72
9509015,dimplex field repair kit,1,,,,,,,16 January 2016,6.21,1.24,7.45,22.36
6566,fan oven element zanussi,3,,,,,,,16 January 2016,5.43,1.09,6.52,19.55
9988,carbon brushes aeg fhp rl,3,,,,,,,16 January 2016,4.55,0.91,5.46,16.38
9989,carbon brushes aeg fhp lr,3,,,,,,,18 January 2016,16.35,3.27,19.62,58.86
bsh15474,carbon brushes bosch,3,,,,,,,18 January 2016,5.40,1.08,6.48,6.48
bsh660868,door seal gasket fastening,1,,,,,,,18 January 2016,5.15,1.03,6.18,12.36
hptc00113038,drum shaft kit v4,2,,,,,,,18 January 2016,7.49,1.50,8.99,17.98
hptc00305794,tumble dryer drum shaft,2,,,,,,,18 January 2016,2.75,0.55,3.30,3.30
flt5097,filter hepa level,1,,,,,,,18 January 2016,0.69,0.14,0.83,0.83
blt100,belt drive upright,1,,,,,,,18 January 2016,5.99,1.20,7.19,7.19
ele9030,element heater 2100w,1,,,,,,,18 January 2016,0.76,0.15,0.91,4.56
flt5096,filter s-class dyson,5,,,,,,,18 January 2016,1.52,0.30,1.82,5.47
ext0020L,2 gang trailing socket,3,,,,,,,18 January 2016,2.15,0.43,2.58,12.90
lyv3637,lyveco led candle,5,,,,,,,18 January 2016,15.62,3.12,18.74,18.74
m/r43615,morphy richards brushed,1,,,,,,,18 January 2016,56.66,11.33,67.99,67.99
zan2011az,zanussi 1100w bagless up,1,,,,,,,20 January 2016,4.25,0.85,5.10,10.20
0.4060'es,danfoss nozzle,2,,,,,,,20 January 2016,3.85,0.77,4.62,18.48
0.5060'es,danfoss nozzle,4,,,,,,,20 January 2016,3.85,0.77,4.62,9.24
0.6060'es,danfoss nozzle,2,,,,,,,20 January 2016,4.00,0.80,4.80,9.60
b-gsk,hard fibre burner gasket,2,,,,,,,20 January 2016,2.90,0.58,3.48,3.48
d-gsk,round burner gasket,1,,,,,,,20 January 2016,4.00,0.80,4.80,4.80
e-gsk,(65323875) gasket,1,,,,,,,20 January 2016,4.50,0.90,5.40,5.40
o-gsk,seal gasket,1,,,,,,,20 January 2016,3.85,0.77,4.62,13.86
0.5580'eh,danfoss nozzle,3,,,,,,,20 January 2016,3.85,0.77,4.62,13.86
0.6080'eh,danfoss nozzle,3,,,,,,,20 January 2016,71.50,14.30,85.80,85.80
st699b1002,programmer 24 hr,1,,,,,,,25 January 2016,8.25,1.65,9.90,29.70
lux3871425124,fan oven heater element,3,,,,,,,25 January 2016,1.75,0.35,2.10,2.10
hp62103,door interlock switch,1,,,,,,,25 January 2016,3.79,0.76,4.55,18.19
el14106,fan oven heater element,4,,,,,,,26 January 2016,3.75,0.75,4.50,4.50
6758,carbon brushes ceset,1,,,,,,,26 January 2016,4.54,0.91,5.45,5.45
9894,carbon brushes sole,1,,,,,,,26 January 2016,5.10,1.02,6.12,6.12
c00196539,carbon brushes ariston,1,,,,,,,26 January 2016,3.89,0.78,4.67,4.67
og339,fan oven element beko,1,,,,,,,26 January 2016,7.69,1.54,9.23,9.23
ser322030500,ice box handle servis,1,,,,,,,27 January 2016,3.85,0.77,4.62,4.62
be14106,grill heater element,1,,,,,,,28 January 2016,15.90,3.18,19.08,57.24
ebi-s,danfoss ebi-m tranformer,3,,,,,,,28 January 2016,10.85,2.17,13.02,52.08
be7a,"parker solenoid valve 1/8""",4,,,,,,,28 January 2016,5.04,1.01,6.05,24.19
kt09-lead,parker solenoid valve lead,4,,,,,,,28 January 2016,6.00,1.20,7.20,14.40
qrb1b,siemensqrb1b photocell,2,,,,,,,28 January 2016,10.00,2.00,12.00,24.00
0.4080'sf,danfoss nozzle,2,,,,,,,28 January 2016,22.00,4.40,26.40,52.80
r2625,nuway aga monoblock electrode,2,,,,,,,28 January 2016,2.00,0.40,2.40,2.40
y15,twisted glass yarn 6mm,1,,,,,,,28 January 2016,3.50,0.70,4.20,4.20
y21,braided glass yarn 10mm,1,,,,,,,28 January 2016,5.00,1.00,6.00,6.00
y23,braided glass yarn 12mm,1,,,,,,,28 January 2016,3.60,0.72,4.32,25.92
r3798,gasket head/duct,6,,,,,,,28 January 2016,3.85,0.77,4.62,18.48
0.6580's,danfoss nozzle,4,,,,,,,28 January 2016,4.50,0.90,5.40,21.60
0.4080'sf,danfoss nozzle,4,,,,,,,28 January 2016,3.85,0.77,4.62,9.24
0.5580's,danfoss nozzle,2,,,,,,,28 January 2016,1.15,0.23,1.38,2.76
qrld-f,photocell mounting flange,2,,,,,,,10 February 2016,0.82,0.16,0.98,0.98
lyv4301bp,lyvia 230w  class linea,1,,,,,,,10 February 2016,7.98,1.60,9.58,47.88
grj503169,drum paddle lifter,5,,,,,,,11 February 2016,8.60,1.72,10.32,20.64
bel082590800,energy regulator single,2,,,,,,,11 February 2016,5.40,1.08,6.48,12.96
bsh660868,door seal gasket fastening,2,,,,,,,11 February 2016,3.49,0.70,4.19,12.56
hptc00197976,carbon brush set laminate,3,,,,,,,11 February 2016,4.37,0.87,5.24,15.73
mfi651066393,evaporator handle catch,3,,,,,,,11 February 2016,1.99,0.40,2.39,4.78
quaint51,door interlock hotpoint,2,,,,,,,25 February 2016,5.70,1.14,6.84,20.52
merc00199665,oven fan element ckr 240,3,,,,,,,25 February 2016,2.16,0.43,2.59,2.59
lyv3411,lyvia 3469 slimline 20a,1,,,,,,,25 February 2016,7.98,1.60,9.58,19.15
grj503169,drum paddle lifter,2,,,,,,,25 February 2016,3.22,0.64,3.86,11.59
cfc76802m,cable 6.0m twin & ear,3,,,,,,,25 February 2016,2.42,0.48,2.90,2.90
lyv3469,lyvia 3469 slimline 13a,1,,,,,,,26 February 2016,20.48,4.10,24.58,24.58
,cable ties,1,,,,,,,26 February 2016,15.85,3.17,19.02,19.02
,flex,1,,,,,,,,,,,